"send","receive"
"[node2:0","20480000"
"4.173503","13.33754"
"1.960322","2.257671"
"1.955629","2.253185"
"1.957565","2.254475"
"1.959829","2.257212"
"1.960203","2.257244"
"1.956776","2.254746"
"1.904853","2.202441"
"1.956713","0 errors"
"2.255274","everythi"
